{
  "confidence": {
    "max": 0.9,
    "mean": 0.8400000000000002,
    "median": 0.8500000000000001,
    "min": 0.8,
    "p5": 0.8,
    "std": 0.03741657386773941
  },
  "latency": {
    "max": 16.5,
    "max_ms": 16.5,
    "mean": 14.5,
    "mean_ms": 14.5,
    "median": 14.5,
    "median_ms": 14.5,
    "min": 12.5,
    "min_ms": 12.5,
    "p95": 16.3,
    "p95_ms": 16.3,
    "p99": 16.46,
    "p99_ms": 16.46,
    "std": 1.4142135623730951,
    "std_ms": 1.4142135623730951
  },
  "prediction_distribution": {
    "class_0": 3,
    "class_1": 2
  },
  "session_id": "294604ba-e2bc-474e-82a0-b99b50ddbc94",
  "timestamp": 1744739138,
  "total_inferences": 5
}