{
  "accuracy": 0.85,
  "confidence": {
    "max": 0.9794950971521118,
    "mean": 0.8279639150160716,
    "median": 0.8595241777133267,
    "min": 0.2,
    "p5": 0.6919629198345669,
    "std": 0.16032653586900414
  },
  "latency": {
    "max": 200.0,
    "max_ms": 200.0,
    "mean": 41.77386522293091,
    "mean_ms": 41.77386522293091,
    "median": 33.709049224853516,
    "median_ms": 33.709049224853516,
    "min": 15.194416046142578,
    "min_ms": 15.194416046142578,
    "p95": 59.422013759613144,
    "p95_ms": 59.422013759613144,
    "p99": 171.8844027519224,
    "p99_ms": 171.8844027519224,
    "std": 38.13172783734995,
    "std_ms": 38.13172783734995
  },
  "prediction_distribution": {
    "bird": 6,
    "cat": 4,
    "dog": 10
  },
  "session_id": "4abf8cd0-2544-4739-9538-4939744c04b6",
  "timestamp": 1744202685.9059198,
  "total_inferences": 20
}