{
  "accuracy": 0.8,
  "confidence": {
    "max": 0.9572710221225151,
    "mean": 0.7942287315726566,
    "median": 0.8247783852958294,
    "min": 0.2,
    "p5": 0.6879298771673406,
    "std": 0.14937152116687766
  },
  "latency": {
    "max": 200.0,
    "max_ms": 200.0,
    "mean": 42.03248977661133,
    "mean_ms": 42.03248977661133,
    "median": 35.771727561950684,
    "median_ms": 35.771727561950684,
    "min": 11.819839477539062,
    "min_ms": 11.819839477539062,
    "p95": 61.52368545532237,
    "p95_ms": 61.52368545532237,
    "p99": 172.30473709106428,
    "p99_ms": 172.30473709106428,
    "std": 38.188452506320765,
    "std_ms": 38.188452506320765
  },
  "prediction_distribution": {
    "bird": 9,
    "cat": 6,
    "dog": 5
  },
  "session_id": "1599f31e-5032-499f-a881-18bbc62ca9b1",
  "timestamp": 1744368593.2092328,
  "total_inferences": 20
}