{
  "accuracy": 0.8,
  "confidence": {
    "max": 0.9991730210267268,
    "mean": 0.8040738853242955,
    "median": 0.7953038056733759,
    "min": 0.2,
    "p5": 0.7029149941903311,
    "std": 0.16562460789687336
  },
  "latency": {
    "max": 200.0,
    "max_ms": 200.0,
    "mean": 39.68544960021973,
    "mean_ms": 39.68544960021973,
    "median": 33.77044200897217,
    "median_ms": 33.77044200897217,
    "min": 12.650012969970703,
    "min_ms": 12.650012969970703,
    "p95": 58.415684700012314,
    "p95_ms": 58.415684700012314,
    "p99": 171.68313694000224,
    "p99_ms": 171.68313694000224,
    "std": 38.381782680777164,
    "std_ms": 38.381782680777164
  },
  "prediction_distribution": {
    "bird": 7,
    "cat": 8,
    "dog": 5
  },
  "session_id": "c236d74f-0927-4c60-9f19-6594a18bc2d4",
  "timestamp": 1744368899.9776134,
  "total_inferences": 20
}