{
  "accuracy": 0.75,
  "confidence": {
    "max": 0.9825041275863069,
    "mean": 0.8178864774675626,
    "median": 0.8671251350290687,
    "min": 0.2,
    "p5": 0.6772186057751837,
    "std": 0.1662398117026101
  },
  "latency": {
    "max": 200.0,
    "max_ms": 200.0,
    "mean": 38.307485580444336,
    "mean_ms": 38.307485580444336,
    "median": 28.51688861846924,
    "median_ms": 28.51688861846924,
    "min": 16.30091667175293,
    "min_ms": 16.30091667175293,
    "p95": 58.79801273345958,
    "p95_ms": 58.79801273345958,
    "p99": 171.7596025466917,
    "p99_ms": 171.7596025466917,
    "std": 38.53335456715567,
    "std_ms": 38.53335456715567
  },
  "prediction_distribution": {
    "bird": 8,
    "cat": 5,
    "dog": 7
  },
  "session_id": "dc6529b4-eb6e-442c-94cd-96045e58ce88",
  "timestamp": 1744268014.4057066,
  "total_inferences": 20
}