{
  "distribution": {},
  "metadata": {
    "created_at": 1744827706.6267617,
    "sample_count": 13,
    "session_id": "3fbdc94a-0c08-4ce7-bdf2-fc990ddbd0c7",
    "threshold": 0.1,
    "timestamp": 1744827706.6267612,
    "window_size": 100
  }
}