{
  "distribution": {
    "class_distribution": {
      "bird": 0.15384615384615385,
      "cat": 0.46153846153846156,
      "dog": 0.3076923076923077,
      "fish": 0.07692307692307693
    }
  },
  "metadata": {
    "created_at": 1744895168.2410583,
    "sample_count": 13,
    "session_id": "c7b7313c-c937-4a71-82e8-2f6e1075b472",
    "threshold": 0.1,
    "timestamp": 1744895168.2410579,
    "window_size": 100
  }
}