{
  "distribution": {
    "class_distribution": {
      "bird": 0.15384615384615385,
      "cat": 0.46153846153846156,
      "dog": 0.3076923076923077,
      "fish": 0.07692307692307693
    }
  },
  "metadata": {
    "created_at": 1744894732.2876296,
    "sample_count": 13,
    "session_id": "6e51ba2a-1bde-4c7f-9325-4cf145eea1aa",
    "threshold": 0.1,
    "timestamp": 1744894732.2876291,
    "window_size": 100
  }
}