{
  "distribution": {
    "class_distribution": {
      "bird": 0.15384615384615385,
      "cat": 0.46153846153846156,
      "dog": 0.3076923076923077,
      "fish": 0.07692307692307693
    }
  },
  "metadata": {
    "created_at": 1744827706.6259878,
    "sample_count": 13,
    "session_id": "fd504688-c547-4891-9b0d-883ded6f7e96",
    "threshold": 0.1,
    "timestamp": 1744827706.6259873,
    "window_size": 100
  }
}