{
  "distribution": {},
  "metadata": {
    "created_at": 1744901642.2365065,
    "sample_count": 13,
    "session_id": "ae60957c-92e5-4dcf-979f-cec7297bd7d5",
    "threshold": 0.1,
    "timestamp": 1744901642.2365057,
    "window_size": 100
  }
}