{
  "distribution": {
    "class_distribution": {
      "bird": 0.15384615384615385,
      "cat": 0.46153846153846156,
      "dog": 0.3076923076923077,
      "fish": 0.07692307692307693
    }
  },
  "metadata": {
    "created_at": 1744896614.1492226,
    "sample_count": 13,
    "session_id": "a72e549a-7849-479f-b42a-c92073a69761",
    "threshold": 0.1,
    "timestamp": 1744896614.1492221,
    "window_size": 100
  }
}