{
  "distribution": {},
  "metadata": {
    "created_at": 1744898088.0317922,
    "sample_count": 13,
    "session_id": "03100245-11e9-4fe7-b9fb-e7ca935ea603",
    "threshold": 0.1,
    "timestamp": 1744898088.0317914,
    "window_size": 100
  }
}