{
  "distribution": {
    "class_distribution": {
      "bird": 0.15384615384615385,
      "cat": 0.46153846153846156,
      "dog": 0.3076923076923077,
      "fish": 0.07692307692307693
    }
  },
  "metadata": {
    "created_at": 1744901568.7819033,
    "sample_count": 13,
    "session_id": "6709f38e-7df3-4ec5-ac74-a543ad211fc6",
    "threshold": 0.1,
    "timestamp": 1744901568.7819028,
    "window_size": 100
  }
}