{
  "distribution": {
    "class_distribution": {
      "bird": 0.15384615384615385,
      "cat": 0.46153846153846156,
      "dog": 0.3076923076923077,
      "fish": 0.07692307692307693
    }
  },
  "metadata": {
    "created_at": 1744895633.3209484,
    "sample_count": 13,
    "session_id": "f49df6a1-7407-44de-b545-a3eed554bcec",
    "threshold": 0.1,
    "timestamp": 1744895633.3209476,
    "window_size": 100
  }
}