{
  "distribution": {
    "class_distribution": {
      "bird": 0.15384615384615385,
      "cat": 0.46153846153846156,
      "dog": 0.3076923076923077,
      "fish": 0.07692307692307693
    }
  },
  "metadata": {
    "created_at": 1744897973.5218391,
    "sample_count": 13,
    "session_id": "849ba6e0-1762-46bc-b5c6-1dba8e290e34",
    "threshold": 0.1,
    "timestamp": 1744897973.5218387,
    "window_size": 100
  }
}