{
  "distribution": {
    "class_distribution": {
      "bird": 0.15384615384615385,
      "cat": 0.46153846153846156,
      "dog": 0.3076923076923077,
      "fish": 0.07692307692307693
    }
  },
  "metadata": {
    "created_at": 1744898088.0310988,
    "sample_count": 13,
    "session_id": "bd44ca4a-571a-48c5-8cc3-cdbdabcb5141",
    "threshold": 0.1,
    "timestamp": 1744898088.0310986,
    "window_size": 100
  }
}