{
  "distribution": {
    "class_distribution": {
      "bird": 0.15384615384615385,
      "cat": 0.46153846153846156,
      "dog": 0.3076923076923077,
      "fish": 0.07692307692307693
    }
  },
  "metadata": {
    "created_at": 1744827172.5874903,
    "sample_count": 13,
    "session_id": "b19f4c10-061b-4817-a36b-a210df4969a7",
    "threshold": 0.1,
    "timestamp": 1744827172.5874898,
    "window_size": 100
  }
}