{
  "distribution": {},
  "metadata": {
    "created_at": 1744898656.893954,
    "sample_count": 13,
    "session_id": "3b57c032-6b9e-4d69-a32a-e54c29c41439",
    "threshold": 0.1,
    "timestamp": 1744898656.8939536,
    "window_size": 100
  }
}