{
  "distribution": {},
  "metadata": {
    "created_at": 1744901568.7830248,
    "sample_count": 13,
    "session_id": "8ea5027f-c2f6-4d54-91fb-a351c2325161",
    "threshold": 0.1,
    "timestamp": 1744901568.783024,
    "window_size": 100
  }
}