{
  "distribution": {},
  "metadata": {
    "created_at": 1744895168.241707,
    "sample_count": 13,
    "session_id": "a7559949-0968-47e6-acb1-72cd0fa90047",
    "threshold": 0.1,
    "timestamp": 1744895168.2417066,
    "window_size": 100
  }
}