{
  "distribution": {},
  "metadata": {
    "created_at": 1744901615.131165,
    "sample_count": 13,
    "session_id": "0ef48b63-870b-4e3e-a4a5-1f4d76066f4a",
    "threshold": 0.1,
    "timestamp": 1744901615.1311643,
    "window_size": 100
  }
}