{
  "distribution": {},
  "metadata": {
    "created_at": 1744828035.0207596,
    "sample_count": 13,
    "session_id": "02773f71-200f-4081-b9c2-1f25b613a158",
    "threshold": 0.1,
    "timestamp": 1744828035.020759,
    "window_size": 100
  }
}