{
  "distribution": {},
  "metadata": {
    "created_at": 1744894706.2984326,
    "sample_count": 13,
    "session_id": "4bd837ea-fa52-406f-bfd2-0f93bf2ac16a",
    "threshold": 0.1,
    "timestamp": 1744894706.298432,
    "window_size": 100
  }
}