{
  "distribution": {},
  "metadata": {
    "created_at": 1744902249.021096,
    "sample_count": 13,
    "session_id": "0542c374-888f-4976-a14e-b319a079739d",
    "threshold": 0.1,
    "timestamp": 1744902249.0210955,
    "window_size": 100
  }
}