{
  "distribution": {
    "class_distribution": {
      "bird": 0.15384615384615385,
      "cat": 0.46153846153846156,
      "dog": 0.3076923076923077,
      "fish": 0.07692307692307693
    }
  },
  "metadata": {
    "created_at": 1744894644.9913995,
    "sample_count": 13,
    "session_id": "745e293f-ffe6-4e95-8d40-6945d136c197",
    "threshold": 0.1,
    "timestamp": 1744894644.9913986,
    "window_size": 100
  }
}