{
  "distribution": {},
  "metadata": {
    "created_at": 1744898216.540295,
    "sample_count": 13,
    "session_id": "fa690851-df3e-434e-9399-7a9395bdee52",
    "threshold": 0.1,
    "timestamp": 1744898216.5402937,
    "window_size": 100
  }
}