{
  "distribution": {},
  "metadata": {
    "created_at": 1744827539.7868657,
    "sample_count": 13,
    "session_id": "1b79e743-63d4-4697-8738-5275d8749db9",
    "threshold": 0.1,
    "timestamp": 1744827539.786865,
    "window_size": 100
  }
}