{
  "distribution": {
    "class_distribution": {
      "bird": 0.15384615384615385,
      "cat": 0.46153846153846156,
      "dog": 0.3076923076923077,
      "fish": 0.07692307692307693
    }
  },
  "metadata": {
    "created_at": 1744901642.2358775,
    "sample_count": 13,
    "session_id": "3de24f57-1e33-4c4d-adb5-75235fdd45a4",
    "threshold": 0.1,
    "timestamp": 1744901642.235877,
    "window_size": 100
  }
}