{
  "distribution": {},
  "metadata": {
    "created_at": 1744895633.3216496,
    "sample_count": 13,
    "session_id": "8cc60e37-6770-4b9b-8ab3-442c2e177f32",
    "threshold": 0.1,
    "timestamp": 1744895633.3216488,
    "window_size": 100
  }
}