{
  "distribution": {
    "class_distribution": {
      "bird": 0.15384615384615385,
      "cat": 0.46153846153846156,
      "dog": 0.3076923076923077,
      "fish": 0.07692307692307693
    }
  },
  "metadata": {
    "created_at": 1744901754.0778477,
    "sample_count": 13,
    "session_id": "c346a1e4-2041-4b6e-b376-eb9f47952f10",
    "threshold": 0.1,
    "timestamp": 1744901754.0778472,
    "window_size": 100
  }
}