{
  "distribution": {},
  "metadata": {
    "created_at": 1744896614.1499867,
    "sample_count": 13,
    "session_id": "85f6e768-c5e7-4c0c-8162-14977b43a244",
    "threshold": 0.1,
    "timestamp": 1744896614.1499863,
    "window_size": 100
  }
}