{
  "distribution": {},
  "metadata": {
    "created_at": 1744892994.7803385,
    "sample_count": 13,
    "session_id": "3e704345-9d84-4335-9edb-d57f8d3e7fbf",
    "threshold": 0.1,
    "timestamp": 1744892994.7803378,
    "window_size": 100
  }
}