{
  "distribution": {
    "class_distribution": {
      "bird": 0.15384615384615385,
      "cat": 0.46153846153846156,
      "dog": 0.3076923076923077,
      "fish": 0.07692307692307693
    }
  },
  "metadata": {
    "created_at": 1744894900.5171177,
    "sample_count": 13,
    "session_id": "a54080ac-1092-43ff-bc1c-8fc52719135d",
    "threshold": 0.1,
    "timestamp": 1744894900.5171175,
    "window_size": 100
  }
}