{
  "distribution": {
    "class_distribution": {
      "bird": 0.15384615384615385,
      "cat": 0.46153846153846156,
      "dog": 0.3076923076923077,
      "fish": 0.07692307692307693
    }
  },
  "metadata": {
    "created_at": 1744897605.4909925,
    "sample_count": 13,
    "session_id": "b8cf02ee-e6a7-4cb8-aa2d-ad82f56b9591",
    "threshold": 0.1,
    "timestamp": 1744897605.490992,
    "window_size": 100
  }
}