{
  "distribution": {
    "class_distribution": {
      "bird": 0.15384615384615385,
      "cat": 0.46153846153846156,
      "dog": 0.3076923076923077,
      "fish": 0.07692307692307693
    }
  },
  "metadata": {
    "created_at": 1744896196.3666327,
    "sample_count": 13,
    "session_id": "82ff829b-eb9d-43c4-939a-9e8316e49499",
    "threshold": 0.1,
    "timestamp": 1744896196.3666322,
    "window_size": 100
  }
}