{
  "distribution": {},
  "metadata": {
    "created_at": 1744827973.587597,
    "sample_count": 13,
    "session_id": "637a0b3c-57dc-412d-a8fc-469ef52c17db",
    "threshold": 0.1,
    "timestamp": 1744827973.587596,
    "window_size": 100
  }
}