{
  "distribution": {
    "class_distribution": {
      "bird": 0.15384615384615385,
      "cat": 0.46153846153846156,
      "dog": 0.3076923076923077,
      "fish": 0.07692307692307693
    }
  },
  "metadata": {
    "created_at": 1744894834.0693276,
    "sample_count": 13,
    "session_id": "3b597ed8-1724-4382-babd-1882592f671e",
    "threshold": 0.1,
    "timestamp": 1744894834.069327,
    "window_size": 100
  }
}