{
  "distribution": {
    "class_distribution": {
      "bird": 0.15384615384615385,
      "cat": 0.46153846153846156,
      "dog": 0.3076923076923077,
      "fish": 0.07692307692307693
    }
  },
  "metadata": {
    "created_at": 1744827973.5861328,
    "sample_count": 13,
    "session_id": "e9c1ae19-ec20-4f4e-812c-04b02a0aba02",
    "threshold": 0.1,
    "timestamp": 1744827973.5861323,
    "window_size": 100
  }
}