{
  "distribution": {},
  "metadata": {
    "created_at": 1744897605.4916363,
    "sample_count": 13,
    "session_id": "bddc3879-026d-4e97-804e-1ad8e54f36d6",
    "threshold": 0.1,
    "timestamp": 1744897605.4916358,
    "window_size": 100
  }
}