{
  "distribution": {},
  "metadata": {
    "created_at": 1744897908.6307535,
    "sample_count": 13,
    "session_id": "e5d2a0c8-ce74-4d0a-a74f-fcd87c7b6fa9",
    "threshold": 0.1,
    "timestamp": 1744897908.630753,
    "window_size": 100
  }
}