{
  "distribution": {},
  "metadata": {
    "created_at": 1744894732.2882376,
    "sample_count": 13,
    "session_id": "66275ebf-8dd8-4d3d-9b4f-352aab7c18ec",
    "threshold": 0.1,
    "timestamp": 1744894732.288237,
    "window_size": 100
  }
}