{
  "distribution": {},
  "metadata": {
    "created_at": 1744897973.522658,
    "sample_count": 13,
    "session_id": "715e74e2-d0a8-4a8a-bb5a-2d5392af5324",
    "threshold": 0.1,
    "timestamp": 1744897973.5226576,
    "window_size": 100
  }
}