{
  "distribution": {},
  "metadata": {
    "created_at": 1744898191.2778373,
    "sample_count": 13,
    "session_id": "f2a54a31-2256-496a-8af7-fcb578845fd7",
    "threshold": 0.1,
    "timestamp": 1744898191.2778368,
    "window_size": 100
  }
}