{
  "distribution": {
    "class_distribution": {
      "bird": 0.15384615384615385,
      "cat": 0.46153846153846156,
      "dog": 0.3076923076923077,
      "fish": 0.07692307692307693
    }
  },
  "metadata": {
    "created_at": 1744898191.2772026,
    "sample_count": 13,
    "session_id": "cc8ba05f-779b-45dd-8b8a-ff7f4169d50c",
    "threshold": 0.1,
    "timestamp": 1744898191.2772021,
    "window_size": 100
  }
}