{
  "distribution": {
    "class_distribution": {
      "bird": 0.15384615384615385,
      "cat": 0.46153846153846156,
      "dog": 0.3076923076923077,
      "fish": 0.07692307692307693
    }
  },
  "metadata": {
    "created_at": 1744892994.7795105,
    "sample_count": 13,
    "session_id": "16ccb1ed-d369-4e83-8eb7-d072d978da7a",
    "threshold": 0.1,
    "timestamp": 1744892994.77951,
    "window_size": 100
  }
}