{
  "distribution": {},
  "metadata": {
    "created_at": 1744896196.3672578,
    "sample_count": 13,
    "session_id": "c457d964-b23c-4c4f-9ebd-ec901323dcf0",
    "threshold": 0.1,
    "timestamp": 1744896196.367257,
    "window_size": 100
  }
}