{
  "distribution": {
    "class_distribution": {
      "bird": 0.15384615384615385,
      "cat": 0.46153846153846156,
      "dog": 0.3076923076923077,
      "fish": 0.07692307692307693
    }
  },
  "metadata": {
    "created_at": 1744901615.1304846,
    "sample_count": 13,
    "session_id": "62878cea-9ee4-4a1c-b591-9dcd7be1b803",
    "threshold": 0.1,
    "timestamp": 1744901615.1304839,
    "window_size": 100
  }
}