{
  "distribution": {
    "class_distribution": {
      "bird": 0.15384615384615385,
      "cat": 0.46153846153846156,
      "dog": 0.3076923076923077,
      "fish": 0.07692307692307693
    }
  },
  "metadata": {
    "created_at": 1744894299.9493415,
    "sample_count": 13,
    "session_id": "55ee0bab-b5b3-4fff-a49a-095941ae5e3d",
    "threshold": 0.1,
    "timestamp": 1744894299.9493408,
    "window_size": 100
  }
}