{
  "distribution": {
    "class_distribution": {
      "bird": 0.15384615384615385,
      "cat": 0.46153846153846156,
      "dog": 0.3076923076923077,
      "fish": 0.07692307692307693
    }
  },
  "metadata": {
    "created_at": 1744902249.0202453,
    "sample_count": 13,
    "session_id": "dcd78fcc-be7d-4294-862c-f361e75f2ea0",
    "threshold": 0.1,
    "timestamp": 1744902249.0202448,
    "window_size": 100
  }
}