{
  "distribution": {
    "class_distribution": {
      "bird": 0.15384615384615385,
      "cat": 0.46153846153846156,
      "dog": 0.3076923076923077,
      "fish": 0.07692307692307693
    }
  },
  "metadata": {
    "created_at": 1744828035.0200634,
    "sample_count": 13,
    "session_id": "8452bbf2-ab93-406b-85e1-93143fb6828d",
    "threshold": 0.1,
    "timestamp": 1744828035.0200627,
    "window_size": 100
  }
}