{
  "distribution": {},
  "metadata": {
    "created_at": 1744827172.5881581,
    "sample_count": 13,
    "session_id": "b291e5ec-fc59-4ee1-919b-db75fe8cbf89",
    "threshold": 0.1,
    "timestamp": 1744827172.5881572,
    "window_size": 100
  }
}