{
  "distribution": {},
  "metadata": {
    "created_at": 1744894644.992845,
    "sample_count": 13,
    "session_id": "32bb9d6e-828d-4ddc-be7a-43fdc2ec5080",
    "threshold": 0.1,
    "timestamp": 1744894644.9928443,
    "window_size": 100
  }
}