{
  "distribution": {
    "class_distribution": {
      "bird": 0.15384615384615385,
      "cat": 0.46153846153846156,
      "dog": 0.3076923076923077,
      "fish": 0.07692307692307693
    }
  },
  "metadata": {
    "created_at": 1744897676.2328944,
    "sample_count": 13,
    "session_id": "cd43df62-551b-42c7-9c09-8a66975e699a",
    "threshold": 0.1,
    "timestamp": 1744897676.2328942,
    "window_size": 100
  }
}