{
  "distribution": {
    "class_distribution": {
      "bird": 0.15384615384615385,
      "cat": 0.46153846153846156,
      "dog": 0.3076923076923077,
      "fish": 0.07692307692307693
    }
  },
  "metadata": {
    "created_at": 1744898216.539587,
    "sample_count": 13,
    "session_id": "dfc9e720-9b90-46e7-a97b-e5fac848392c",
    "threshold": 0.1,
    "timestamp": 1744898216.5395865,
    "window_size": 100
  }
}