{
  "distribution": {},
  "metadata": {
    "created_at": 1744895240.401904,
    "sample_count": 13,
    "session_id": "14f36310-eb96-45de-b927-61a669156346",
    "threshold": 0.1,
    "timestamp": 1744895240.4019039,
    "window_size": 100
  }
}