{
  "distribution": {},
  "metadata": {
    "created_at": 1744897676.2336068,
    "sample_count": 13,
    "session_id": "7af5a7ea-9e64-48da-984e-20f29db3647b",
    "threshold": 0.1,
    "timestamp": 1744897676.2336063,
    "window_size": 100
  }
}