{
  "distribution": {
    "class_distribution": {
      "bird": 0.15384615384615385,
      "cat": 0.46153846153846156,
      "dog": 0.3076923076923077,
      "fish": 0.07692307692307693
    }
  },
  "metadata": {
    "created_at": 1744898656.893278,
    "sample_count": 13,
    "session_id": "3a9383fd-26e0-4951-9d8e-c002dce18c57",
    "threshold": 0.1,
    "timestamp": 1744898656.8932774,
    "window_size": 100
  }
}