{
  "distribution": {
    "class_distribution": {
      "bird": 0.15384615384615385,
      "cat": 0.46153846153846156,
      "dog": 0.3076923076923077,
      "fish": 0.07692307692307693
    }
  },
  "metadata": {
    "created_at": 1744902859.354782,
    "sample_count": 13,
    "session_id": "84527795-6f28-4e52-92f0-c9f9b25c95bc",
    "threshold": 0.1,
    "timestamp": 1744902859.3547816,
    "window_size": 100
  }
}