{
  "accuracy": 0.9,
  "confidence": {
    "max": 0.9763825737806152,
    "mean": 0.8012890373554191,
    "median": 0.840706722041813,
    "min": 0.2,
    "p5": 0.6758163512519519,
    "std": 0.16449177892533065
  },
  "latency": {
    "max": 200.0,
    "max_ms": 200.0,
    "mean": 37.9349684715271,
    "mean_ms": 37.9349684715271,
    "median": 32.63044357299805,
    "median_ms": 32.63044357299805,
    "min": 12.768268585205078,
    "min_ms": 12.768268585205078,
    "p95": 55.051288604736435,
    "p95_ms": 55.051288604736435,
    "p99": 171.01025772094707,
    "p99_ms": 171.01025772094707,
    "std": 38.44058785078434,
    "std_ms": 38.44058785078434
  },
  "prediction_distribution": {
    "bird": 6,
    "cat": 7,
    "dog": 7
  },
  "session_id": "6de6e768-6b32-4410-8a79-8e78fc8cefa0",
  "timestamp": 1744369389.1844316,
  "total_inferences": 20
}